"UNIQID (4code heb,3loc,2num)",Nom du site,Hebergeur,Status,Nom du shareholders majoritaire,Nationalité des shareholders majoritaire,"Localisation du siège social
(https://docs.google.com/spreadsheets/d/1wPAT8Ono6axL2cRqo1JVoWD9qp_6nuZnGyFqvkHhOhA/edit?usp=sharing)",Ville,Adresse,Emplacement,Pays,Type,Power density (W/pi2),Équipé pour l'IA,Nombre de batiments,Nombre d'étages,Surface estimee qgis,Surface - Batiment (PI2),Surface - salles IT (PI2),Puissance annoncée (MW),Power density (W/pi2) - annoncé,Puissance calculée depuis surface (MW),PUE,Site web,Fiche technique / documentation,Source,Interval de confiance des données
ARGOBCO01,Argo Blockchain,Argo Blockchain,En opération,,,,Baie-comeau,8 Av. William Dobell Baie-Comeau G4Z 1T7,8 Av. William Dobell,Canada,Crypto,743,,,,,40 000,20 000,"15,0",750,"14,9",,,https://www.argoblockchain.com/our-operations,,
AWSDVAR1,AWS YUL,Amazon,En opération,Jeff Bezos (largest individual shareholder of Amazon),United States,"Seattle, USA",Varennes,1790 Bd Lionel-Boulet A Varennes  J3X 1S1,"45° 37' 27.066"" N 73° 22' 50.4804"" W",Canada,Hyperscale / HPC (>40MW - 100k pi2),557,,2,,,310 000,155 000,,,"86,4",,,,,
BNFDMTL1,Beanfield  - 3445 Park Ave,Beanfield ,En opération,DigitalBridge (major investor/acquirer) and OMERS infrastructure,U.K. and Netherlands,"Toronto, Canada",Montréal,3445 Av. du Parc Montréal H2X 2H6,3445 Av. du Parc,Canada,"Retail (< 10 MW, 5k - 21k pi2)",186,,1,,,26 600,13 300,"5,0",376,"2,5",,https://www.beanfield.com/business/colocation-data-centre/3445-park-avenue/,,,
CLCQMTL01,Calcul Quebec - HPC,Calcul Québec,En opération,Government of Québec (primary funder),Canadian (Québec),"Montréal, Québec, Canada",Montréal,1100 Rue Notre Dame O Montréal H3C 1K3,École de technologie supérieure ÉTS,Canada,Hyperscale / HPC (>40MW - 100k pi2),557,IA,1,,,19 375,9 688,"2,0",206,"5,4",,https://www.calculquebec.ca/,,,
CLCQMTL02,Calcul Quebec - Quantique,Calcul Québec,En opération,Government of Québec (primary funder),Canadian (Québec),"Montréal, Québec, Canada",Montréal,1101 R. Notre Dame O Montréal H3C 1K3,École de technologie supérieure ÉTS,Canada,Quantique,93,,,,,540,270,,0,"0,0",,,,,
CLGXDMD01,Cologix MTL9,Cologix,En opération,Stonepeak (majority owner),United States,"Denver, USA",Drummonville,2525 Rue Canadien Drummondville J2C 7W2,2525 Rue Canadien,Canada,"Wholesale (>10MW, 21k - 100k pi2)",186,,1,,,120 000,60 000,"25,0",417,"11,1",,https://cologix.com/data-centers/montreal/mtl9,https://cologix.com/wp-content/uploads/2026/01/SS_MTL9-Montreal-Data-Centre_12-2025_EN.pdf,,
CLGXLGL10,Cologix MTL10,Cologix,En opération,Stonepeak (majority owner),United States,"Denver, USA",Longeuil,530 Rue Bériault Longueuil J4G 1S8,Cologix Montreal (MTL10 Data Center),Canada,"Wholesale (>10MW, 21k - 100k pi2)",186,IA,1,,,240 000,120 000,"35,0",292,"22,3",,https://cologix.com/data-centers/montreal/mtl10,https://cologix.com/wp-content/uploads/2026/01/SS_MTL10-Montreal-Data-Centre_12-2025_EN.pdf,,
CLGXMTL02,Cologix MTL2,Cologix,En opération,Stonepeak (majority owner),United States,"Denver, USA",Montréal,3000 Boul. Rene Levesque Verdun H3E 1T9,3000 Bd René Lévesque,Canada,"Retail (< 10 MW, 5k - 21k pi2)",186,,1,,,10 000,5 000,"1,1",220,"0,9","1,3",https://cologix.com/data-centers/montreal/mtl2,https://cologix.com/wp-content/uploads/2026/01/SS_MTL2-Montreal-Data-Centre_12-2025_EN.pdf,,
CLGXMTL03,Cologix MTL3,Cologix,En opération,Stonepeak (majority owner),United States,"Denver, USA",Montréal,1250 Boul. Rene-Levesque Ouest Montréal H3B 4X4,Cologix Montreal Data Centre (MTL 3),Canada,"Retail (< 10 MW, 5k - 21k pi2)",186,,1,,,33 000,16 500,"1,5",91,"3,1","1,4",https://cologix.com/data-centers/montreal/mtl3/,https://cologix.com/wp-content/uploads/2026/01/SS_MTL3-Montreal-Data-Centre_12-2025_EN.pdf,,
CLGXMTL04,Cologix MTL4,Cologix,En opération,Stonepeak (majority owner),United States,"Denver, USA",Montréal,7171 Rue Jean-Talon Est Anjou H1M 3N2,Cologix Montreal (MTL4 Data Center),Canada,"Retail (< 10 MW, 5k - 21k pi2)",186,,1,,,12 000,6 000,"0,8",133,"1,1","1,7",https://cologix.com/data-centers/montreal/mtl4,https://cologix.com/wp-content/uploads/2026/01/SS_MTL4-Montreal-Data-Centre_12-2025_EN.pdf,,
CLGXMTL05,Cologix MTL5,Cologix,En opération,Stonepeak (majority owner),United States,"Denver, USA",Montréal,2341 Boul. Alfred Nobel Saint-Laurent H4S 0B2,Cologix Montreal (MTL 5&6 Data Centers),Canada,"Retail (< 10 MW, 5k - 21k pi2)",186,,1,,,5 000,2 500,"0,2",60,"0,5","1,4",https://cologix.com/data-centers/montreal/mtl5,https://cologix.com/wp-content/uploads/2026/01/SS_MTL5-Montreal-Data-Centre_12-2025_EN.pdf,,
CLGXMTL06,Cologix MTL6,Cologix,En opération,Stonepeak (majority owner),United States,"Denver, USA",Montréal,2341 Boul. Alfred Nobel Saint-Laurent H4S 0B2,Cologix Montreal (MTL 5&6 Data Centers),Canada,"Retail (< 10 MW, 5k - 21k pi2)",186,,1,,,10 000,5 000,"0,2",37,"0,9","1,5",https://cologix.com/data-centers/montreal/mtl6,https://cologix.com/wp-content/uploads/2026/01/SS_MTL6-Montreal-Data-Centre_12-2025_EN.pdf,,
CLGXMTL07,Cologix MTL7,Cologix,En opération,Stonepeak (majority owner),United States,"Denver, USA",Montréal,1155 Blvd Robert-Bourassa Montréal H3B 3A7,Cologix Montreal (MTL7 Data Center),Canada,"Retail (< 10 MW, 5k - 21k pi2)",186,,1,,,26 000,13 000,"3,1",238,"2,4","1,3",https://www.cologix.com/data-centers/montreal/mtl7/,https://cologix.com/wp-content/uploads/2026/01/SS_MTL7-Montreal-Data-Centre_12-2025_EN.pdf,,
CLGXMTL08,Cologix MTL8,Cologix,En opération,Stonepeak (majority owner),United States,"Denver, USA",Montréal,7350 Rue Frederick Banting Montréal H4S 2A1,Colocation in Montréal: MTL8-S Data Center,Canada,"Wholesale (>10MW, 21k - 100k pi2)",186,,1,,,206 000,103 000,"21,0",204,"19,1","1,3",https://cologix.com/data-centers/montreal/mtl8,https://cologix.com/wp-content/uploads/2026/01/SS_MTL8-Montreal-Data-Centre_12-2025_EN.pdf,,
CLGXMTL1,Cologix MTL1,Cologix,En opération,Stonepeak (majority owner),United States,"Denver, USA",Montréal,625 Boul. René-Lévesque Ouest Montréal  H3B 1R2,625 Boul. René-Lévesque O,Canada,"Retail (< 10 MW, 5k - 21k pi2)",186,,1,,,5 000,2 500,"0,1",28,"0,5","2,0",https://cologix.com/data-centers/montreal/mtl1/,https://cologix.com/wp-content/uploads/2026/01/SS_MTL1-Montreal-Data-Centre_12-2025_EN.pdf,,
CLGXMTL11,Cologix MTL11,Cologix,En opération,Stonepeak (majority owner),United States,"Denver, USA",Montréal,875 Rue Saint-Antoine Ouest Montréal H3C 1A6,Cologix Montreal (MTL11 Data Center),Canada,"Retail (< 10 MW, 5k - 21k pi2)",186,,1,,,25 000,12 500,"1,0",80,"2,3","1,8",https://cologix.com/data-centers/montreal/mtl11,https://cologix.com/wp-content/uploads/2026/01/SS_MTL11-Montreal-Data-Centre_12-2025_EN.pdf,,
CLGXMTL12,Cologix MTL12,Cologix,En opération,Stonepeak (majority owner),United States,"Denver, USA",Montréal,3000 Boul. Rene Levesque Verdun H3E 1T9,3000 Bd René Lévesque,Canada,"Retail (< 10 MW, 5k - 21k pi2)",186,,1,,,8 500,4 250,"0,2",53,"0,8","1,7",https://cologix.com/data-centers/montreal/mtl12,https://cologix.com/wp-content/uploads/2026/01/SS_MTL12-Montreal-Data-Centre_12-2025_EN.pdf,,
CMPSMTL01,Compass Montreal II,Compass Datacenters,En opération,Ontario Teachers' Pension Plan and Brookfield Infrastructure Partners,Canada and USA (mixed PE ownership) / Canada (Brookfield listed Canada; OTPP Canada),"Dallas, USA",Baie d'Urfe,19701 Av. Clark Graham Baie-d'Urfé H9X 3T1,19701 Av. Clark Graham,Canada,Hyperscale / HPC (>40MW - 100k pi2),557,,1,,,175 000,87 500,"50,0",571,"48,8",,https://www.compassdatacenters.com/fr/marches/amerique-du-nord/montreal/,https://french.compassdatacenters.com/fr/centres-de-donnees-de-montreal/,,
CMPSMTL02,Compass Montreal I,Compass Datacenters,En opération,Ontario Teachers' Pension Plan and Brookfield Infrastructure Partners,Canada and USA (mixed PE ownership) / Canada (Brookfield listed Canada; OTPP Canada),"Dallas, USA",LaSalle,2711 Av Dollard LaSalle H8N 2J8,2711 Av Dollard,Canada,"Wholesale (>10MW, 21k - 100k pi2)",186,,1,,,46 000,23 000,"15,0",652,"4,3",,https://www.compassdatacenters.com/fr/marches/amerique-du-nord/montreal/,https://french.compassdatacenters.com/fr/centres-de-donnees-de-montreal/,https://www.datacenterknowledge.com/sustainability/ovh-goes-big-and-green-with-new-quebec-data-center,
DIGHSHW01,DigiHub - quantique,DigiHub,En opération,Public / regional innovation ecosystem (Sherbrooke),Canadian,"Sherbrooke, Québec, Canada",Shawinigan,1250 Av. de la Station Shawinigan G9N 1V5,DigiHub Shawinigan,Canada,Quantique,93,,,,,540,270,,0,"0,0",,,,,
DSTQSHB01,Distriq - Zone Innovation Quantique,Distriq,En opération,Government of Québec + public‑private consortium,Canadian,"Sherbrooke, Québec, Canada",Sherbrooke,1950 rue Roy Sherbrooke J1K 1B7,"Distriq, Zone d'Innovation Quantique",Canada,Quantique,93,,,,,540,270,,0,"0,0",,,,https://www.distriq.com/actualites/achat-d-un-ordinateur-quantique-pasqal-par-distriq-zone-innovation-quantique-grace-a-differents-soutiens,
EQNXMTL01,Equinix MTL 1 ,Equinix,En opération,BlackRock Advisers LLC (largest shareholder among institutions) or Vanguard Capital Management LLC,U.K. or USA,"Redwood City, USA",Montréal,6205 Rue Vanden Abeele Saint-Laurent H4S 1R9,Equinix Data Center MT1,Canada,"Retail (< 10 MW, 5k - 21k pi2)",186,,1,,,125 842,62 921,,,"11,7",,https://www.equinix.com/data-centers/americas-colocation/canada-colocation/montreal-data-centers/mt1,https://www.equinix.com/content/dam/eqxcorp/en_us/documents/resources/ibx-tech-specs/ibx_mt1_en.pdf,,
EQNXMTL02,Equinix MTL 2,Equinix,En opération,BlackRock Advisers LLC (largest shareholder among institutions) or Vanguard Capital Management LLC,U.K. or USA,"Redwood City, USA",Vaudreuil-Dorion,3500 Rue F.-X.-Tessier Vaudreuil-Dorion J7V 5V5,3500 Rue F.-X.-Tessier,Canada,"Retail (< 10 MW, 5k - 21k pi2)",186,,1,,,75 664,37 832,,0,"7,0",,https://www.equinix.com/data-centers/americas-colocation/canada-colocation/montreal-data-centers/mt2,https://www.equinix.com/content/dam/eqxcorp/en_us/documents/resources/ibx-tech-specs/ibx_mt2_en.pdf,,
ESTRMTL01,Estruxture MTL1,Estruxture,En opération,Fengate Asset Management,Canada,"Montréal, Canada",Montréal,800 Rue du Square-Victoria Montréal H4Z 1B7,eStruxture Data Centers MTL-1,Canada,"Retail (< 10 MW, 5k - 21k pi2)",186,,1,,,34 000,17 000,"4,5",265,"3,2",,https://www.estruxture.com/fr/centres-de-donnees/montreal/mtl-1,https://info.estruxture.com/hubfs/Data%20Sheets/eStruxture_Datasheet_MTL1_FR%201%202023.pdf,,
ESTRMTL02,Estruxture MTL2,Estruxture,En opération,Fengate Asset Management,Canada,"Montréal, Canada",Montréal,7001 Rue Saint-Jacques Montréal H4B 3A2,eStruxture Data Centers MTL-2,Canada,"Wholesale (>10MW, 21k - 100k pi2)",186,,1,,,187 000,93 500,"30,0",321,"17,4",,https://www.estruxture.com/fr/centres-de-donnees/montreal/mtl-2,https://info.estruxture.com/hubfs/Data%20Sheets/eStruxture_Datasheet_MTL2_FR%202023.pdf,,
ESTRMTL03,Estruxture MTL3,Estruxture,En opération,Fengate Asset Management,Canada,"Montréal, Canada",Boucherville,1350 Rue Nobel Boucherville J4B 5H3,eStruxture Data Centers MTL-3,Canada,"Retail (< 10 MW, 5k - 21k pi2)",186,,1,,,20 000,10 000,"1,2",120,"1,9",,https://www.estruxture.com/fr/centres-de-donnees/montreal/mtl-3,https://info.estruxture.com/hubfs/Data%20Sheets/eStruxture_Datasheet_MTL3_FR%202023.pdf,,
ESTRMTL04,Estruxture MTL4,Estruxture,En opération,Fengate Asset Management,Canada,"Montréal, Canada",Kirkland,17500 Route Transcanadienne Kirkland H9J 2X8,eStruxture Data Centers MTL-4,Canada,"Wholesale (>10MW, 21k - 100k pi2)",186,,1,,,103 000,51 500,"16,0",311,"9,6",,https://www.estruxture.com/fr/centres-de-donnees/montreal/mtl-4/,https://info.estruxture.com/hubfs/Data%20Sheets/eStruxture_Datasheet_MTL4_FR%202023.pdf,,
ESTRMTL05,Estruxture MTL5,Estruxture,En opération,Fengate Asset Management,Canada,"Montréal, Canada",Montréal,1080 Côte du Beaver Hall Montréal H2Z 1S8,eStruxture Data Centers MTL-5,Canada,"Retail (< 10 MW, 5k - 21k pi2)",186,,1,,,7 500,3 750,"0,5",133,"0,7",,https://www.estruxture.com/fr/centres-de-donnees/montreal/mtl-5,https://info.estruxture.com/hubfs/Data%20Sheets/eStruxture_Datasheet_MTL5_FR%202023.pdf,,
EVNMMTL01,Enovum Data Centers - MTL01,Enovum,En opération,"Bit Digital, Inc. (owner since 2024)",United States,"Montréal, Canada",Montréal,3195 Chem. Bedford Suite D Montréal H3S 1G3,Enovum Data Centers - MTL01,Canada,"Retail (< 10 MW, 5k - 21k pi2)",186,,1,,,70 000,35 000,"4,0",114,"6,5",,https://www.enovumdc.com/keyfeatures-high-density-computing-high-performance/,https://www.enovumdc.com/keyfeatures-high-density-computing-high-performance/,,
EVNMSJM01,Enovum Data Centers - MTL03,Enovum,En opération,"Bit Digital, Inc. (owner since 2024)",United States,"Montréal, Canada",Saint-Jerome,500 Bd Monseigneur-Dubois Saint-Jérome J7Y 3L8,500 Bd Monseigneur-Dubois,Canada,"Retail (< 10 MW, 5k - 21k pi2)",186,IA,1,,,202 000,101 000,,0,"18,8",,,,https://bit-digital.com/press-releases/bit-digital-inc-secures-site-for-new-tier-3-data-center-to-support-cerebras-colocation-contract/,
EVNMPCL01,Enovum Data Centers - MTL02,Enovum,En opération,"Bit Digital, Inc. (owner since 2024)",United States,"Montréal, Canada",Pointe-Claire,"7300 Route Transcanadienne, Pointe-Claire H9R 1C7",Enovum Data Centers - MTL02,Canada,"Retail (< 10 MW, 5k - 21k pi2)",186,,1,,,85 000,42 500,,0,"7,9",,,,,
EXINSHB01,Exaion / PINQ2 Bellevue,Exaion ,En opération,MARA France,France,"Neuilly-sur-seine, France",Sherbrooke,1820 Rue Galt O Sherbrooke J1K 1H8,1820 Rue Galt O,Canada,"Wholesale (>10MW, 21k - 100k pi2)",186,IA,1,,,4 000,2 000,"0,8",390,"0,4",,https://www.pinq2.com/actu/centre-de-donnees-ecoresponsable-hybride-quantique-bellevue/,https://www.usherbrooke.ca/partenariats/typo3temp/cp_exaion_inaugure_a_sherbrooke_le_premier_centre_de_donnees..._fr.pdf,,
EQNXGAT01,Equinix OT1,Equinix,En opération,BlackRock Advisers LLC (largest shareholder among institutions) or Vanguard Capital Management LLC,U.K. or USA,"Redwood City, USA",Gatineau,200 Av. Lepine Gatineau J8L 0B3,200 Av. Lépine,Canada,"Retail (< 10 MW, 5k - 21k pi2)",186,,1,,,42 800,21 400,,,"4,0",,https://www.equinix.com/data-centers/americas-colocation/canada-colocation/ottawa-data-centers/ot1,https://www.equinix.com/content/dam/eqxcorp/en_us/documents/resources/ibx-tech-specs/ibx_ot1_en.pdf,,
HIVDLCH01,HIVE Canada 1.0 ,Hive,En opération,Invesco Capital Management LLC and Invesco Capital Management Japan,USA and Japan,"Vancouver, Canada",Lachute,963 Chem. Béthany Lachute J8H 2C5,Hive Canada 1,Canada,"Wholesale (>10MW, 21k - 100k pi2)",186,,,,,,0,"34,5",,"34,5",,,HIVE Digital Technologies Ltd: HIVE Canada 1.0 Data Center,https://www.regie-energie.qc.ca/fr/participants/dossiers/R-4333-2026/doc/R-4333-2026-C-HIVE-0003-DemInterv-Sujets-2026_03_16.pdf,
HIVDMTL02,Hive MTL-2,Hive,En opération,Invesco Capital Management LLC and Invesco Capital Management Japan,USA and Japan,"Vancouver, Canada",Montréal,2900 Av. Marie Curie Saint-Laurent H4S 2C2,Hive Data Center MTL2,Canada,"Wholesale (>10MW, 21k - 100k pi2)",186,,1,,,,0,,,,,,,,
HPBTQBC01,Hyper Bit Dogecoin Mining,Hyper Bit,En opération,Private ownership (not clearly disclosed),Undisclosed,"Vancouver, Canada",Québec,,,Canada,"Wholesale (>10MW, 21k - 100k pi2)",186,,,,,,0,,,,,,https://hyperbit.ca/,,
IBMDMTL01,IBM Quantum System One,IBM,En opération,Vanguard and BlackRock (largest institutional shareholders),United States and U.K.,"Armonk, USA",Bromont,23 Bd de l'Aéroport Bromont J2L 1A3,IBM Bromont,Canada,Quantique,93,,1,,,540,270,,0,"0,0",,,,https://www.pinq2.com/en/presse/inauguration-du-ibm-quantum-system-one-du-quebec/,
KEELBCO01,Keel Infrastructure Baie-Comeau,Bitfarms / Keel Infrastructure,En opération,Jane Street Group LLC; Jane Street Capital LLC;Jane Street Global Trading LLC,United States (largest holder),"NY, USA",Baie comeau,25 Av. Babin Baie-Comeau G4Z 3A6,25 Av. Babin,Canada,Crypto,743,IA,1,,,40 000,20 000,"15,0",750,"14,9",,,,https://www.lemanic.ca/2022/04/22/crypto-deux-entreprises-investissent-pres-de-100-m-a-baie-comeau/,
KEELCWV01,Keel Infrastructure Cowansville,Bitfarms / Keel Infrastructure,En opération,Jane Street Group LLC; Jane Street Capital LLC;Jane Street Global Trading LLC,United States (largest holder),"NY, USA",Cowansville,135 rue Dean Cowansville J2K3Y2,135 Rue Dean,Canada,Crypto,743,,,,,,0,"17,0",,"17,0",,,https://www.datacentermap.com/canada/montreal/bitfarms-cowansville/,,
KEELFHM01,Keel Infrastructure Farnham,Bitfarms / Keel Infrastructure,En opération,Jane Street Group LLC; Jane Street Capital LLC;Jane Street Global Trading LLC,United States (largest holder),"NY, USA",Farnham,1146 BOUL. Magenta E Farnham J2N1C1,"45° 17' 13.916"" N 72° 57' 43.0776"" W",Canada,Crypto,743,,,,,,0,"10,0",,"10,0",,,https://www.datacentermap.com/canada/montreal/bitfarms-farnham/specs/,,
KEELMGG01,Keel Infrastructure Magog,Bitfarms / Keel Infrastructure,En opération,Jane Street Group LLC; Jane Street Capital LLC;Jane Street Global Trading LLC,United States (largest holder),"NY, USA",Magog,1350 BOUL. Industriel Magog J1X4Y6 ,1350 Bd Industriel,Canada,Crypto,743,,,,,,0,"10,0",,"10,0",,,https://www.datacentermap.com/canada/montreal/bitfarms-magog/specs/,,
KEELSHB01,Keel Infrastructure Sherbrooke Leger 1,Bitfarms / Keel Infrastructure,En opération,Jane Street Group LLC; Jane Street Capital LLC;Jane Street Global Trading LLC,United States (largest holder),"NY, USA",Sherbrooke,290 Rue Leger Sherbrooke J1L 1Y5,290 Rue Léger,Canada,Crypto,743,,1,,,74 116,37 058,"30,0",810,"27,5",,,,,
KEELSHB02,Keel Infrastructure Sherbrooke 2 Garlock,Bitfarms / Keel Infrastructure,En opération,Jane Street Group LLC; Jane Street Capital LLC;Jane Street Global Trading LLC,United States (largest holder),"NY, USA",Sherbrooke,4220 rue de la Garlock Sherbrooke  J1L2P4 Canada,4220 Rue de la Garlock,Canada,Crypto,743,,,,,,0,"18,0",,"18,0",,,,,
KEELSHB03,Keel Infrastructure Sherbrooke 3,Bitfarms / Keel Infrastructure,En opération,Jane Street Group LLC; Jane Street Capital LLC;Jane Street Global Trading LLC,United States (largest holder),"NY, USA",Sherbrooke,839 RUE Joseph-Louis-Mathieu Sherbrooke J1R0X3,839 Rue Joseph-Louis-Mathieu,Canada,Crypto,743,,,,,,0,"30,0",,"30,0",,,,,
KEELSHY01,Keel Infrastructure Saint-Hyacinthe,Bitfarms / Keel Infrastructure,En opération,Jane Street Group LLC; Jane Street Capital LLC;Jane Street Global Trading LLC,United States (largest holder),"NY, USA",Saint-Hyacinthe,2805 AVE Vanier St-Hyacinthe  J2S8P3 ,2805 Av. Vanier,Canada,Crypto,743,,,,,,0,"15,0",,"15,0",,,https://www.datacentermap.com/canada/montreal/bitfarms-cowansville/,,
LSWBMTL01,LeaseWeb MTL-01,Leaseweb,En opération,Ocom Group (parent company),Netherlands,"Amsterdam, Netherlands",Montréal,20 Pl. du Commerce Verdun H3E 0G3,Leaseweb Canada Data Center,Canada,"Retail (< 10 MW, 5k - 21k pi2)",186,,1,,,13 200,6 600,,,"1,2",,https://www.leaseweb.com/en/why-leaseweb/platform/data-centers/mtl-01,,,
LSWBMTL02,LeaseWeb MTL-02,Leaseweb,En opération,Ocom Group (parent company),Netherlands,"Amsterdam, Netherlands",Montréal,7207 Boul. Newman LaSalle H8N 0H7,INAP Montreal Data Center,Canada,"Retail (< 10 MW, 5k - 21k pi2)",186,,1,,,12 000,6 000,"1,8",300,"1,1",,https://www.leaseweb.com/en/why-leaseweb/platform/data-centers/mtl-02,,,
LSWBMTL03 ??,LeaseWeb MTL-03,Leaseweb,En opération,Ocom Group (parent company),Netherlands,"Amsterdam, Netherlands",Montréal,5945 Boul. Couture Saint-Leonard H1P 1A8,Leaseweb Canada Data Center,Canada,"Retail (< 10 MW, 5k - 21k pi2)",186,,1,,,8 749,4 375,"2,1",473,"0,8",,https://www.leaseweb.com/en/why-leaseweb/platform/data-centers/mtl-03,,,
MWCAESC01,MWC MegaWatt Canada Escoumins,MWC MegaWatt Canada,En opération,,,,MWC MegaWatt Canada Escoumins,281 Rte Forestière Les Escoumins G0T1K0,281 Rte Forestière,Canada,Crypto,743,,,,,25 000,12 500,"10,0",800,"9,3",,,,https://www.journalhcn.com/2022/02/22/le-centre-de-donnees-des-escoumins-debute-ses-operations/,
NRDKSHW01,Nordik NDC1,Nordik,En opération,Innventure Inc. (Private ownership) (Peu d'info),USA,"Québec, Canada",Shawinigan,4155 Rue Burrill Shawinigan G9N 0C4,Nordik Data Center,Canada,"Retail (< 10 MW, 5k - 21k pi2)",186,,1,,,46 000,23 000,"5,0",217,"4,3",,https://nordikdatacenters.com/,https://nordikdatacenters.com/nos-installations-centres-de-donnees/,,
OVHCBHS01,OVHcloud BHS Campus,OVHCloud,En opération,Klaba family,France / Poland origin family (European),"Roubaix, France",Bauharnois,50 Rue de l'Aluminerie Beauharnois J6N 0C2,OVHcloud Data Centre,Canada,Hyperscale / HPC (>40MW - 100k pi2),557,IA,4,,,200 000,100 000,"100,0",1000,"55,7",,https://www.datacentermap.com/canada/montreal/ovhcloud-beauharnois/,,"https://corporate.ovhcloud.com/fr-ca/newsroom/news/ovhcloud-10-year-anniversary-canada/#:~:text=Pour%20c%C3%A9l%C3%A9brer%20cette%20%C3%A9tape%20marquante,en%20h%C3%A9berger%203%20fois%20plus.",
QSCLLVS01,QScale Campus 1,QScale,En opération,Goldman Sachs Alternatives (majority owner since 2026),United States,"Lévis, Canada",Lévis,2280 Rue Albert-Dion Lévis G7A 5M9,QScale,Canada,Hyperscale / HPC (>40MW - 100k pi2),557,IA,1,,,313 000,156 500,"114,0",728,"87,2","1,2",https://fr.qscale.com/q01-campus,https://cdn.prod.website-files.com/6026d734508bf45880176198/68e922ffe4c53f52eeb48867_fdd8650e0c57c0a100408d9acd441008_QScale%20-%20Q01%20Campus%20-%20Data%20Sheet.pdf,,
RDDCQC01,RDDc - quantique,Recherche et développement pour la défense Canada,En opération,Québec public research ecosystem / institutional partnerships,Canadian,"Québec / Sherbrooke region, Canada",Valcartier,2459 Rte de la Bravoure Québec G3J 1X5,DRDC – Valcartier Research Centre,Canada,Quantique,93,,,,,540,270,,0,"0,0",,,,,
SMRTMTL01,SmartDC MTL-1,SmartDC,En opération,i3D.net (Private ownership),Netherlands,"Capelle aan den IJssel, Netherlands",Montréal,4101 Rue Molson Montréal H1Y 3L1,Research Center Saint-Louis - Montréal,Canada,"Wholesale (>10MW, 21k - 100k pi2)",186,,1,,,27 379,13 690,,0,"2,5",,https://www.smartdc.net/data-centers/locations/montreal/,,,
TLUSRKI01,Telus - Super Internet Data Center (SIDC),Telus,En opération,No controlling shareholder; major canadian institutional investors (ex: Royal Bank Canada),Canada,"Vancouver, Canada",Rimouski,190 Rue des Negociants Rimouski G5M 1B7,190 Rue des Négociants,Canada,"Wholesale (>10MW, 21k - 100k pi2)",186,IA,1,,,12 500,6 250,"16,0",2560,"1,2",,,,https://group.skanska.com/projects/57626/TELUS-Super-Internet-Data-Center,
UBCNMTL01,Urbacon DC Montreal,Ubarcon,En opération,Urbacon Group (private construction/services firm) Fonds FTQ,Canada,"Toronto, Canada",Montréal,544 Rue de l'Inspecteur Montréal H3C 2K9,544 Rue de l'Inspecteur,Canada,"Wholesale (>10MW, 21k - 100k pi2)",186,,1,7,,266 671,133 336,"21,0",157,"24,8","1,2",https://udcsdatacentres.com/portfolio/item/montreal-quebec/,,https://www.urbacon.net/projects-archive/downtown-montreal-data-centre-544-rue-de-linspecteur/,
VNTGMTL01,Vantage Data Centers Canada Montreal I QC1,Vantage Datacenters,En opération,"Consortium incl. DigitalBridge group, Silver Lake, AustralianSuper, PSP Investments, Howard Hugues Holdings",USA / Canada / UAE / Singapore (mixed sovereign & PE)??,"Denver, USA",Montréal,2900 Av. Marie Curie Saint-Laurent H4S 2C2,Vantage Data Centers,Canada,"Wholesale (>10MW, 21k - 100k pi2)",186,,1,,,60 000,30 000,"11,0",367,"5,6",,https://vantage-dc.com/fr/data-center-locations/north-america/montreal-i-canada/,https://vantage-dc.com/wp-content/uploads/2022/06/VDC_DataSheet_Montreal_FRENCH..pdf,,
VNTGMTL02,Vantage Data Centers Canada Montreal II QC4,Vantage Datacenters,En opération,"Consortium incl. DigitalBridge group, Silver Lake, AustralianSuper, PSP Investments, Howard Hugues Holdings",USA / Canada / UAE / Singapore (mixed sovereign & PE)??,"Denver, USA",Montréal,2800 Route Transcanadienne Pointe-Claire H9R 1B1,Vantage Data Centers QC4 Campus,Canada,"Wholesale (>10MW, 21k - 100k pi2)",186,,3,,,320 000,160 000,"50,0",313,"29,7",,https://vantage-dc.com/fr/data-center-locations/north-america/montreal-ii-canada/,https://vantage-dc.com/wp-content/uploads/2020/09/VDC_DataSheet_Montreal-II_EN.pdf,https://www.quebec.ca/agriculture-environnement-et-ressources-naturelles/energie/production-approvisionnement-distribution/autorisation-projet-electrique,
VNTGMTL03,Vantage Data Centers Canada Montreal III QC6,Vantage Datacenters,En opération,"Consortium incl. DigitalBridge group, Silver Lake, AustralianSuper, PSP Investments, Howard Hugues Holdings",USA / Canada / UAE / Singapore (mixed sovereign & PE)??,"Denver, USA",Montréal,205 Boul. Brunswick Pointe-Claire H9R 4R7,205 Bd Brunswick,Canada,"Wholesale (>10MW, 21k - 100k pi2)",186,,1,,,348 480,174 240,"45,0",258,"32,4",,https://vantage-dc.com/fr/data-center-locations/north-america/montreal-iii-canada/,https://vantage-dc.com/wp-content/uploads/2022/03/VDC_DataSheet_Montreal-III_FR-3.pdf,,
VNTGQC01,Vantage Data Centers Canada Québec QC2,Vantage Datacenters,En opération,"Consortium incl. DigitalBridge group, Silver Lake, AustralianSuper, PSP Investments, Howard Hugues Holdings",USA / Canada / UAE / Singapore (mixed sovereign & PE)??,"Denver, USA",Québec,2675 Boul. du Parc Technologique Quebec G1P 4S5,2675 Bd du Parc Technologique,Canada,"Wholesale (>10MW, 21k - 100k pi2)",186,,4,,,925 000,462 500,"86,0",186,"85,9",,https://vantage-dc.com/fr/data-center-locations/north-america/quebec-city-canada/,https://vantage-dc.com/wp-content/uploads/2020/09/VDC_DataSheet_Quebec_French_2024-1.pdf,,
GGLEBEA01,Google Beauharnois,Google,En projet,,,,Beauharnois,"Rue Urgel Charette, Beauharnois, QC J6N 0S2",Rue Urgel Charette,Canada,Hyperscale / HPC (>40MW - 100k pi2),557,,,,,,0,"380,0",,"380,0",,,,https://www.journaldequebec.com/2026/06/18/christine-frechette-sous-pression-hydro-quebec-veut-donner-nos-megawatts-a-google-pour-150m-par-annee,
MSFTYQB01,Microsoft YQB01,Microsoft,En projet,,,,Ancienne-Lorette,"6505 Rue Yvon Dolbec, L'Ancienne-Lorette, QC G2E 0A3",Rue Yvon Dolbec,Canada,"Wholesale (>10MW, 21k - 100k pi2)",186,,,,,115 000,57 500,"9,8",170,"10,7",,,,https://local.microsoft.com/fr/blog/lancienne-lorette-datacentre-construction-update/,
SATOJOL01,SATO Quebec,SATO Technologies Corp,En opération,,,,Joliette,"289 Rue Dugas, Joliette, QC J6E 4H1",289 Rue Dugas,Canada,Crypto,743,,,,,66 564,33 282,"20,0",601,"24,7",,https://www.bysato.com/mining,,https://www.linkedin.com/pulse/positive-operating-cash-flow-strong-growth-lasting-satos-nouzareth/,
DCENLAV01,D-Central Laval,D-Central,En opération,,,,Laval,"1325 Rue Bergar, Laval, QC H7L 4Z7",D-Central,Canada,Crypto,743,,,,,,0,,,,,,,,
FLUMMAT01,Flumen Matane,Flumen energie,En projet,,,,Matane,"90 Rue du Parc Industriel, Matane, QC G4W 3M9",Rock-Tenn Co,Canada,Crypto,743,,,,,,0,"17,5",,"17,5",,,,https://ici.radio-canada.ca/nouvelle/2181671/matane-rockten-usine-energie-flumen-premier-bloc,
FBLKCHA01,FirstBlock Québec DC1,Firstblock,En opération,,,,Charlesbourg,Charlesbourg,,Canada,Crypto,743,,,,,75 000,37 500,"30,0",800,"27,9",,,,,
FBLKDUB01,FirstBlock Québec DC2,Firstblock,En opération,,,,Duberger,Duberger,,Canada,Crypto,743,,,,,,0,,,,,,,,
FBLKSAI01,FirstBlock Québec DC3,Firstblock,En opération,,,,Saint-Foy,Saint-Foy,,Canada,Crypto,743,,,,,,0,,,,,,,,
FBLKMTL01,FirstBlock Montréal DC1,Firstblock,En opération,,,,Montréal,Montréal,,Canada,Crypto,743,,,,,10 000,5 000,"5,0",1000,"3,7",,,,,
FBLKMTL02,FirstBlock Montréal DC2,Firstblock,En opération,,,,Montréal,Montréal,,Canada,Crypto,743,,,,,50 000,25 000,"20,0",800,"18,6",,,,,
FBLKMTL03,FirstBlock Montréal DC3,Firstblock,En opération,,,,Montréal,Montréal,,Canada,Crypto,743,,,,,10 000,5 000,"5,0",1000,"3,7",,,,,
FBLKMTL04,FirstBlock Montréal DC4,Firstblock,En opération,,,,Montréal,Montréal,,Canada,Crypto,743,,,,,,0,"34,0",,"34,0",,,,,
FBLKTRO01,FirstBlock Trois-Rivières DC1,Firstblock,En opération,,,,Trois-Rivières,Trois-Rivières,,Canada,Crypto,743,,,,,15 000,7 500,"5,0",667,"5,6",,,,,
FBLKSHE01,FirstBlock Sherbrooke DC1,Firstblock,En opération,,,,Sherbrooke,Sherbrooke,,Canada,Crypto,743,,,,,7 000,3 500,"5,0",1429,"2,6",,,,,
FBLKEST01,FirstBlock Estrie DC1,Firstblock,En opération,,,,Estrie,Estrie,,Canada,Crypto,743,,,,,100 000,50 000,"40,0",800,"37,2",,,,,